<?xml version="1.0" encoding="UTF-8" standalone="yes"?>
<addon id="plugin.video.xvisi" name="xvisi - Video Sites on XBMC" version="0.2.2" provider-name="mbr">
  <requires>
    <import addon="xbmc.python" version="2.1.0"/>
  </requires>
  <extension point="xbmc.python.pluginsource" library="addon.py">
    <provides>video</provides>
  </extension>
  <extension point="xbmc.addon.metadata">
    <platform>all</platform>
    <language></language>
    <summary lang="en">Watch videos from various video sites.</summary>
    <description lang="en">Watch streaming video from sites like[CR][CR]
      * vodly.to[CR]
      * primewire.ag</description>
  </extension>
</addon>
