<addon id="repository.xvisi" name="xvisi repository" version="1.0.0" provider-name="mbr (https://github.com/mbr/xvisi">
  <extension point="xbmc.addon.repository" name="xvisi XBMC Addons Repository">
    <!-- note: we use https://raw.github.com urls instead of mbr.github.io, because we want https support -->
    <info compressed="false">https://raw.github.com/mbr/xvisi/gh-pages/addons.md5</info>
    <checksum>https://raw.github.com/mbr/xvisi/gh-pages/addons.md5</checksum>
    <datadir zip="true">https://raw.github.com/mbr/xvisi/master/plugin.video.xvisi/addon.py</datadir>
  </extension>
  <extension point="xbmc.addon.metadata">
    <platform>all</platform>
    <summary>Provides updates for the xvisi plugin.</summary>
    <description>Provides updates for the xvisi plugin.</description>
  </extension>
</addon>
