<?xml version="1.0" encoding="UTF-8" standalone="yes"?>
<addon id={plugin_id} name={plugin_name} version="0.1" provider-name={provider_name}>
  <requires>
    <import addon="xbmc.python" version="2.0"/>
    <import addon="script.module.xbmcswift2" version="1.1.1"/>
  </requires>
  <extension point="xbmc.python.pluginsource" library="addon.py">
    <provides>video</provides>
  </extension>
  <extension point="xbmc.addon.metadata">
    <platform>all</platform>
    <language></language>
    <summary>Summary for {plugin_name}</summary>
    <description>Description for {plugin_name}</description>
  </extension>
</addon>
